Comment,Designator,Footprint
BATTERY_4S; B2P-VH(LF)(SN),J1,JST_VH_B2P-VH_1x02_P3.96mm_Vertical
5A; 0451005.MRL,F1,Fuse_Littelfuse-NANO2-451_453
330uF 35V; EEUFR1V331U,C1,CP_Radial_D10.0mm_P5.00mm
100nF 50V; GRM21BR71H104KA01L,C2,C_0805_2012Metric
S13V25F12; Pololu 4984,U2,S13V25F12
R-78E5.0-0.5; R-78E5.0-0.5,U3,Converter_DCDC_RECOM_R-78E-0.5_THT
100nF 50V; GRM21BR71H104KA01L,C3,C_0805_2012Metric
100nF 50V; GRM21BR71H104KA01L,C4,C_0805_2012Metric
68uF 16V; EEUFR1C680,C5,CP_Radial_D5.0mm_P2.00mm
RUN_LINK_REMOVE_FOR_USB; 61300211121,JP1,PinHeader_1x02_P2.54mm_Vertical
4A; 0451004.MRL,F2,Fuse_Littelfuse-NANO2-451_453
1A; 0451001.MRL,F3,Fuse_Littelfuse-NANO2-451_453
0.75A; 0451.750MRL,F4,Fuse_Littelfuse-NANO2-451_453
0.75A; 0451.750MRL,F5,Fuse_Littelfuse-NANO2-451_453
HEADLIGHT_VBAT; B2P-VH(LF)(SN),J2,JST_VH_B2P-VH_1x02_P3.96mm_Vertical
POSITION_12V; B2P-VH(LF)(SN),J3,JST_VH_B2P-VH_1x02_P3.96mm_Vertical
SONAR_POWER_ONLY; B2B-XH-A(LF)(SN),J4,JST_XH_B2B-XH-A_1x02_P2.50mm_Vertical
600R @100MHz / 2A; BLM21PG601SN1D,FB1,L_0805_2012Metric
100uF 25V; EEU-FR1E101,C6,CP_Radial_D6.3mm_P2.50mm
100nF 50V; GRM21BR71H104KA01L,C7,C_0805_2012Metric
GR01_VBAT; B2P-VH(LF)(SN),J5,JST_VH_B2P-VH_1x02_P3.96mm_Vertical
Arduino Nano ATmega328P 5V; A000005,A1,Arduino_Nano
100nF 50V; GRM21BR71H104KA01L,C8,C_0805_2012Metric
SN74HCT14D; SN74HCT14DR,U1,SOIC-14_3.9x8.7mm_P1.27mm
100nF 50V; GRM21BR71H104KA01L,C9,C_0805_2012Metric
RC_GND_A_B; 61300311121,J6,PinHeader_1x03_P2.54mm_Vertical
10k; RC0805FR-0710KL,R1,R_0805_2012Metric
100k; RC0805FR-07100KL,R2,R_0805_2012Metric
10k; RC0805FR-0710KL,R3,R_0805_2012Metric
100k; RC0805FR-07100KL,R4,R_0805_2012Metric
10k; RC0805FR-0710KL,R5,R_0805_2012Metric
100k; RC0805FR-07100KL,R6,R_0805_2012Metric
10k; RC0805FR-0710KL,R7,R_0805_2012Metric
100k; RC0805FR-07100KL,R8,R_0805_2012Metric
10k; RC0805FR-0710KL,R9,R_0805_2012Metric
100k; RC0805FR-07100KL,R10,R_0805_2012Metric
H743_L; 61300311121,J7,PinHeader_1x03_P2.54mm_Vertical
SERVO_L; 61300311121,J8,PinHeader_1x03_P2.54mm_Vertical
H743_R; 61300311121,J9,PinHeader_1x03_P2.54mm_Vertical
SERVO_R; 61300311121,J10,PinHeader_1x03_P2.54mm_Vertical
H743_T; 61300311121,J11,PinHeader_1x03_P2.54mm_Vertical
SERVO_T; 61300311121,J12,PinHeader_1x03_P2.54mm_Vertical
IRLZ44NPBF; IRLZ44NPBF,Q1,TO-220-3_Vertical
330R; RC0805FR-07330RL,R11,R_0805_2012Metric
100k; RC0805FR-07100KL,R12,R_0805_2012Metric
AO3400A; AO3400A,Q2,SOT-23
330R; RC0805FR-07330RL,R13,R_0805_2012Metric
100k; RC0805FR-07100KL,R14,R_0805_2012Metric
AO3400A; AO3400A,Q3,SOT-23
1k; RC0805FR-071KL,R15,R_0805_2012Metric
100k; RC0805FR-07100KL,R16,R_0805_2012Metric
SS14; SS14,D1,D_SMA
BUZZER_5V_ACTIVE; B2B-XH-A(LF)(SN),J13,JST_XH_B2B-XH-A_1x02_P2.50mm_Vertical
RGB_GND_5V_DATA; B3B-XH-A(LF)(SN),J14,JST_XH_B3B-XH-A_1x03_P2.50mm_Vertical
330R; RC0805FR-07330RL,R17,R_0805_2012Metric
68uF 16V; EEUFR1C680,C10,CP_Radial_D5.0mm_P2.00mm
100k; RC0805FR-07100KL,R18,R_0805_2012Metric
22k; RC0805FR-0722KL,R19,R_0805_2012Metric
100nF 50V; GRM21BR71H104KA01L,C11,C_0805_2012Metric
NTC_10k_B3950; B2B-XH-A(LF)(SN),J15,JST_XH_B2B-XH-A_1x02_P2.50mm_Vertical
10k; RC0805FR-0710KL,R20,R_0805_2012Metric
1k; RC0805FR-071KL,R21,R_0805_2012Metric
100nF 50V; GRM21BR71H104KA01L,C12,C_0805_2012Metric
WATER_PROBE_EOL_1M; B2B-XH-A(LF)(SN),J16,JST_XH_B2B-XH-A_1x02_P2.50mm_Vertical
1k; RC0805FR-071KL,R22,R_0805_2012Metric
10k; RC0805FR-0710KL,R23,R_0805_2012Metric
100k; RC0805FR-07100KL,R24,R_0805_2012Metric
10nF 50V; GRM21BR71H103KA01L,C13,C_0805_2012Metric
"BAT54S; BAT54S,215",D2,SOT-23
"BAT54S; BAT54S,215",D3,SOT-23
"BAT54S; BAT54S,215",D4,SOT-23
ACK_SWITCH; B2B-XH-A(LF)(SN),J17,JST_XH_B2B-XH-A_1x02_P2.50mm_Vertical
10k; RC0805FR-0710KL,R25,R_0805_2012Metric
100nF 50V; GRM21BR71H104KA01L,C14,C_0805_2012Metric