Designator,Mid X,Mid Y,Layer,Rotation
A1,40,86,Top,0
C1,32,12,Top,0
C2,35,18.5,Top,0
C3,44,27,Top,0
C4,53,27,Top,0
C5,59,15,Top,0
C6,80,26,Top,0
C7,86,33,Top,0
C8,48,42,Top,0
C9,29,77,Top,0
C10,75,64,Top,0
C11,64,35,Top,0
C12,79,77,Top,0
C13,66,76,Top,0
C14,87,88,Top,0
D1,84,51,Top,0
D2,70,34,Top,0
D3,86,76,Top,0
D4,69,79,Top,0
F1,22,13,Top,90
F2,74,16,Top,90
F3,77,48,Top,90
F4,63,28,Top,90
F5,45,9,Top,90
FB1,72,29,Top,0
J1,10,15,Top,0
J2,85,11,Top,0
J3,86,43,Top,0
J4,88,27,Top,0
J5,62,8,Top,0
J6,7,87,Top,0
J7,5,71,Top,0
J8,10,71,Top,0
J9,5,59,Top,0
J10,10,59,Top,0
J11,5,47,Top,0
J12,10,47,Top,0
J13,91,57,Top,0
J14,85,70,Top,0
J15,91,82,Top,0
J16,73,93,Top,0
J17,85,93,Top,0
JP1,54,38,Top,0
Q1,73,7,Top,0
Q2,80,40,Top,0
Q3,80,55,Top,0
R1,16,84,Top,0
R2,21,84,Top,0
R3,16,78,Top,0
R4,21,78,Top,0
R5,17,69,Top,0
R6,22,69,Top,0
R7,17,62,Top,0
R8,22,62,Top,0
R9,17,55,Top,0
R10,22,55,Top,0
R11,67,19,Top,0
R12,68,14,Top,0
R13,71,43,Top,0
R14,75,38,Top,0
R15,69,57,Top,0
R16,74,53,Top,0
R17,75,70,Top,0
R18,60,39,Top,0
R19,66,39,Top,0
R20,74,84,Top,0
R21,83,81,Top,0
R22,62,91,Top,0
R23,67,84,Top,0
R24,61,79,Top,0
R25,80,87,Top,0
U1,31,70,Top,0
U2,22,21.5,Top,0
U3,47,17,Top,0